,cmp_name,cmp_bgt,cmp_spent,user,cmp_remaining_budget,cmp_start_date,cmp_end_date,days_running
0,2025.03.27_2025.10.18_25-50_USD,61442,5725,"{'username': 'donaldsmith', 'name': 'Brittany Wilson', 'email': 'padillajoshua@example.net', 'address': '627 Yates Circles Apt. 503\nNew Wayneton, TN 20179', 'age': 33}",55717,2025-03-27,2025-10-18,205 days
1,2026.08.16_2028.02.07_30-40_USD,771485,435488,"{'username': 'donaldsmith', 'name': 'Brittany Wilson', 'email': 'padillajoshua@example.net', 'address': '627 Yates Circles Apt. 503\nNew Wayneton, TN 20179', 'age': 33}",335997,2026-08-16,2028-02-07,540 days
2,2025.11.12_2027.09.05_20-40_GBR,38174,16800,"{'username': 'donaldsmith', 'name': 'Brittany Wilson', 'email': 'padillajoshua@example.net', 'address': '627 Yates Circles Apt. 503\nNew Wayneton, TN 20179', 'age': 33}",21374,2025-11-12,2027-09-05,662 days
3,2026.04.28_2026.06.19_20-40_EUR,745378,18452,"{'username': 'donaldsmith', 'name': 'Brittany Wilson', 'email': 'padillajoshua@example.net', 'address': '627 Yates Circles Apt. 503\nNew Wayneton, TN 20179', 'age': 33}",726926,2026-04-28,2026-06-19,52 days
4,2025.01.03_2026.03.18_45-70_EUR,494163,346120,"{'username': 'rogerhumphrey', 'name': 'Darrell Johnston', 'email': 'hsanchez@example.org', 'address': '34789 Shane Burg\nWest Adam, ID 74687', 'age': 57}",148043,2025-01-03,2026-03-18,439 days
5,2025.10.12_2027.07.14_35-60_EUR,213822,202586,"{'username': 'bwebster', 'name': 'Jamie Stevens', 'email': 'phillipgarza@example.org', 'address': 'USNS Baird\nFPO AE 96922', 'age': 58}",11236,2025-10-12,2027-07-14,640 days
6,2026.07.24_2027.09.04_40-65_EUR,314297,232462,"{'username': 'bwebster', 'name': 'Jamie Stevens', 'email': 'phillipgarza@example.org', 'address': 'USNS Baird\nFPO AE 96922', 'age': 58}",81835,2026-07-24,2027-09-04,407 days
7,2025.03.03_2026.03.06_45-55_GBR,946981,306737,"{'username': 'melissa54', 'name': 'Miranda Chavez', 'email': 'jessicawebster@example.com', 'address': '4632 Green Freeway\nPatrickchester, CA 89442', 'age': 45}",640244,2025-03-03,2026-03-06,368 days
8,2026.05.16_2027.01.19_45-60_GBR,260461,237606,"{'username': 'melissa54', 'name': 'Miranda Chavez', 'email': 'jessicawebster@example.com', 'address': '4632 Green Freeway\nPatrickchester, CA 89442', 'age': 45}",22855,2026-05-16,2027-01-19,248 days
9,2026.09.06_2028.07.28_40-60_EUR,133418,76708,"{'username': 'melissa54', 'name': 'Miranda Chavez', 'email': 'jessicawebster@example.com', 'address': '4632 Green Freeway\nPatrickchester, CA 89442', 'age': 45}",56710,2026-09-06,2028-07-28,691 days
10,2025.04.28_2026.01.09_35-55_EUR,586429,97315,"{'username': 'melissa54', 'name': 'Miranda Chavez', 'email': 'jessicawebster@example.com', 'address': '4632 Green Freeway\nPatrickchester, CA 89442', 'age': 45}",489114,2025-04-28,2026-01-09,256 days
11,2025.07.27_2026.06.01_45-55_USD,727017,578638,"{'username': 'melissa54', 'name': 'Miranda Chavez', 'email': 'jessicawebster@example.com', 'address': '4632 Green Freeway\nPatrickchester, CA 89442', 'age': 45}",148379,2025-07-27,2026-06-01,309 days
12,2025.12.05_2027.01.12_45-65_GBR,885637,347627,"{'username': 'castillocharles', 'name': 'Jesse Mccullough', 'email': 'ethan78@example.org', 'address': '03974 Cervantes Orchard\nDianamouth, ID 67124', 'age': 56}",538010,2025-12-05,2027-01-12,403 days
13,2025.07.29_2026.06.30_35-60_USD,976204,178134,"{'username': 'castillocharles', 'name': 'Jesse Mccullough', 'email': 'ethan78@example.org', 'address': '03974 Cervantes Orchard\nDianamouth, ID 67124', 'age': 56}",798070,2025-07-29,2026-06-30,336 days
14,2026.02.26_2026.05.17_35-50_EUR,728072,453560,"{'username': 'mtaylor', 'name': 'Emily Aguilar', 'email': 'pyoung@example.net', 'address': '8600 Brandon Flat Suite 471\nSouth Isaiah, NE 49513', 'age': 40}",274512,2026-02-26,2026-05-17,80 days
15,2026.04.11_2026.12.22_35-55_GBR,36780,36096,"{'username': 'mtaylor', 'name': 'Emily Aguilar', 'email': 'pyoung@example.net', 'address': '8600 Brandon Flat Suite 471\nSouth Isaiah, NE 49513', 'age': 40}",684,2026-04-11,2026-12-22,255 days
16,2025.10.13_2026.09.10_35-45_USD,101863,32098,"{'username': 'mtaylor', 'name': 'Emily Aguilar', 'email': 'pyoung@example.net', 'address': '8600 Brandon Flat Suite 471\nSouth Isaiah, NE 49513', 'age': 40}",69765,2025-10-13,2026-09-10,332 days
17,2025.11.10_2026.07.20_30-40_GBR,505486,41359,"{'username': 'mtaylor', 'name': 'Emily Aguilar', 'email': 'pyoung@example.net', 'address': '8600 Brandon Flat Suite 471\nSouth Isaiah, NE 49513', 'age': 40}",464127,2025-11-10,2026-07-20,252 days
18,2025.06.15_2027.03.30_35-55_EUR,524879,340882,"{'username': 'mtaylor', 'name': 'Emily Aguilar', 'email': 'pyoung@example.net', 'address': '8600 Brandon Flat Suite 471\nSouth Isaiah, NE 49513', 'age': 40}",183997,2025-06-15,2027-03-30,653 days
19,2025.03.05_2026.09.07_35-55_USD,849150,10102,"{'username': 'mtaylor', 'name': 'Emily Aguilar', 'email': 'pyoung@example.net', 'address': '8600 Brandon Flat Suite 471\nSouth Isaiah, NE 49513', 'age': 40}",839048,2025-03-05,2026-09-07,551 days
20,2025.05.02_2026.10.23_30-55_GBR,891928,192587,"{'username': 'mtaylor', 'name': 'Emily Aguilar', 'email': 'pyoung@example.net', 'address': '8600 Brandon Flat Suite 471\nSouth Isaiah, NE 49513', 'age': 40}",699341,2025-05-02,2026-10-23,539 days
21,2025.06.17_2025.08.10_20-40_EUR,420071,238813,"{'username': 'ybowman', 'name': 'Jennifer Mcknight', 'email': 'torresjoseph@example.net', 'address': '539 Michael Wall Apt. 951\nNorth Monica, AS 92170', 'age': 33}",181258,2025-06-17,2025-08-10,54 days
22,2026.04.13_2027.06.21_30-50_EUR,756071,644850,"{'username': 'ybowman', 'name': 'Jennifer Mcknight', 'email': 'torresjoseph@example.net', 'address': '539 Michael Wall Apt. 951\nNorth Monica, AS 92170', 'age': 33}",111221,2026-04-13,2027-06-21,434 days
23,2026.09.27_2028.04.22_30-55_USD,447003,217674,"{'username': 'ybowman', 'name': 'Jennifer Mcknight', 'email': 'torresjoseph@example.net', 'address': '539 Michael Wall Apt. 951\nNorth Monica, AS 92170', 'age': 33}",229329,2026-09-27,2028-04-22,573 days
24,2024.12.31_2026.09.24_40-45_USD,926365,532296,"{'username': 'ginapope', 'name': 'Alyssa Mclaughlin', 'email': 'srivas@example.com', 'address': '9213 Wright Stream Apt. 223\nRobbinshaven, CA 10311', 'age': 44}",394069,2024-12-31,2026-09-24,632 days
25,2025.02.24_2026.08.18_35-50_USD,221193,2415,"{'username': 'ginapope', 'name': 'Alyssa Mclaughlin', 'email': 'srivas@example.com', 'address': '9213 Wright Stream Apt. 223\nRobbinshaven, CA 10311', 'age': 44}",218778,2025-02-24,2026-08-18,540 days
26,2026.07.27_2028.05.10_25-40_EUR,119575,82855,"{'username': 'munozelaine', 'name': 'Teresa Carter', 'email': 'aprilthomas@example.net', 'address': '9264 Molly Throughway\nLawrenceton, NE 17509', 'age': 36}",36720,2026-07-27,2028-05-10,653 days
27,2026.10.29_2026.12.06_35-45_USD,582771,347487,"{'username': 'munozelaine', 'name': 'Teresa Carter', 'email': 'aprilthomas@example.net', 'address': '9264 Molly Throughway\nLawrenceton, NE 17509', 'age': 36}",235284,2026-10-29,2026-12-06,38 days
28,2026.04.28_2027.02.20_35-55_USD,8946,6935,"{'username': 'munozelaine', 'name': 'Teresa Carter', 'email': 'aprilthomas@example.net', 'address': '9264 Molly Throughway\nLawrenceton, NE 17509', 'age': 36}",2011,2026-04-28,2027-02-20,298 days
29,2025.05.09_2027.04.14_30-40_EUR,604543,463484,"{'username': 'mallorysummers', 'name': 'Ryan Forbes', 'email': 'williamjohnson@example.net', 'address': '777 Odonnell Parks Apt. 146\nJasonside, HI 78462', 'age': 40}",141059,2025-05-09,2027-04-14,705 days
30,2025.01.08_2025.10.16_35-55_GBR,327054,190368,"{'username': 'mallorysummers', 'name': 'Ryan Forbes', 'email': 'williamjohnson@example.net', 'address': '777 Odonnell Parks Apt. 146\nJasonside, HI 78462', 'age': 40}",136686,2025-01-08,2025-10-16,281 days
31,2025.08.05_2026.05.16_40-55_GBR,388093,148901,"{'username': 'mallorysummers', 'name': 'Ryan Forbes', 'email': 'williamjohnson@example.net', 'address': '777 Odonnell Parks Apt. 146\nJasonside, HI 78462', 'age': 40}",239192,2025-08-05,2026-05-16,284 days
32,2025.04.18_2025.07.08_25-30_USD,491064,207967,"{'username': 'andrewwebster', 'name': 'Eric Stevens', 'email': 'joannbaldwin@example.net', 'address': '37524 Stewart Unions\nJessicamouth, MS 49169', 'age': 27}",283097,2025-04-18,2025-07-08,81 days
33,2026.02.08_2027.06.28_25-40_USD,116052,50673,"{'username': 'andrewwebster', 'name': 'Eric Stevens', 'email': 'joannbaldwin@example.net', 'address': '37524 Stewart Unions\nJessicamouth, MS 49169', 'age': 27}",65379,2026-02-08,2027-06-28,505 days
34,2025.02.16_2026.06.07_45-70_USD,459988,433312,"{'username': 'knielsen', 'name': 'Carmen Singleton', 'email': 'ryanbass@example.com', 'address': '73679 Graham Point Suite 970\nPerezview, CO 21852', 'age': 62}",26676,2025-02-16,2026-06-07,476 days
35,2025.08.20_2026.08.15_25-40_EUR,30358,23611,"{'username': 'taylor79', 'name': 'Lauren Price', 'email': 'jonestommy@example.com', 'address': '577 Escobar Keys\nKellyshire, VA 98152', 'age': 38}",6747,2025-08-20,2026-08-15,360 days
36,2025.02.06_2025.12.14_30-50_USD,570571,389562,"{'username': 'taylor79', 'name': 'Lauren Price', 'email': 'jonestommy@example.com', 'address': '577 Escobar Keys\nKellyshire, VA 98152', 'age': 38}",181009,2025-02-06,2025-12-14,311 days
37,2025.03.15_2026.03.18_20-40_GBR,437517,268664,"{'username': 'taylor79', 'name': 'Lauren Price', 'email': 'jonestommy@example.com', 'address': '577 Escobar Keys\nKellyshire, VA 98152', 'age': 38}",168853,2025-03-15,2026-03-18,368 days
38,2026.03.03_2027.09.11_25-50_USD,864963,216502,"{'username': 'taylor79', 'name': 'Lauren Price', 'email': 'jonestommy@example.com', 'address': '577 Escobar Keys\nKellyshire, VA 98152', 'age': 38}",648461,2026-03-03,2027-09-11,557 days
39,2025.12.20_2026.07.29_25-45_GBR,776857,109827,"{'username': 'vbarker', 'name': 'Sean Howard', 'email': 'jimmyvargas@example.net', 'address': '43226 Laura Ports\nAnitaland, MH 45482', 'age': 25}",667030,2025-12-20,2026-07-29,221 days
40,2025.01.14_2026.04.16_25-50_EUR,908901,576390,"{'username': 'vbarker', 'name': 'Sean Howard', 'email': 'jimmyvargas@example.net', 'address': '43226 Laura Ports\nAnitaland, MH 45482', 'age': 25}",332511,2025-01-14,2026-04-16,457 days
41,2025.07.13_2027.03.05_25-45_USD,244459,172489,"{'username': 'vbarker', 'name': 'Sean Howard', 'email': 'jimmyvargas@example.net', 'address': '43226 Laura Ports\nAnitaland, MH 45482', 'age': 25}",71970,2025-07-13,2027-03-05,600 days
42,2025.07.05_2027.01.04_30-45_USD,333255,88838,"{'username': 'jclay', 'name': 'Jordan Anderson', 'email': 'renee49@example.com', 'address': '034 Reyes Plaza Suite 201\nMarissaburgh, MO 47864', 'age': 39}",244417,2025-07-05,2027-01-04,548 days
43,2024.12.23_2025.07.26_30-55_GBR,76690,2463,"{'username': 'jclay', 'name': 'Jordan Anderson', 'email': 'renee49@example.com', 'address': '034 Reyes Plaza Suite 201\nMarissaburgh, MO 47864', 'age': 39}",74227,2024-12-23,2025-07-26,215 days
44,2026.05.23_2027.01.20_25-50_GBR,713514,60557,"{'username': 'jclay', 'name': 'Jordan Anderson', 'email': 'renee49@example.com', 'address': '034 Reyes Plaza Suite 201\nMarissaburgh, MO 47864', 'age': 39}",652957,2026-05-23,2027-01-20,242 days
45,2026.09.28_2027.02.14_35-60_GBR,950393,22728,"{'username': 'jclay', 'name': 'Jordan Anderson', 'email': 'renee49@example.com', 'address': '034 Reyes Plaza Suite 201\nMarissaburgh, MO 47864', 'age': 39}",927665,2026-09-28,2027-02-14,139 days
46,2025.08.11_2026.12.17_35-40_GBR,367975,192201,"{'username': 'jclay', 'name': 'Jordan Anderson', 'email': 'renee49@example.com', 'address': '034 Reyes Plaza Suite 201\nMarissaburgh, MO 47864', 'age': 39}",175774,2025-08-11,2026-12-17,493 days
47,2026.02.27_2027.02.11_25-45_USD,365716,194404,"{'username': 'jclay', 'name': 'Jordan Anderson', 'email': 'renee49@example.com', 'address': '034 Reyes Plaza Suite 201\nMarissaburgh, MO 47864', 'age': 39}",171312,2026-02-27,2027-02-11,349 days
48,2026.04.17_2027.06.05_20-45_EUR,624896,61214,"{'username': 'jeffrey60', 'name': 'Anthony Hall', 'email': 'collinspaul@example.com', 'address': '14625 Mccarthy Overpass Apt. 757\nMaciasland, AR 96062', 'age': 22}",563682,2026-04-17,2027-06-05,414 days
49,2025.09.13_2025.11.16_20-25_USD,184234,107156,"{'username': 'jeffrey60', 'name': 'Anthony Hall', 'email': 'collinspaul@example.com', 'address': '14625 Mccarthy Overpass Apt. 757\nMaciasland, AR 96062', 'age': 22}",77078,2025-09-13,2025-11-16,64 days
50,2026.05.30_2026.06.09_30-55_GBR,328311,212917,"{'username': 'david75', 'name': 'Maria Wells', 'email': 'rguerra@example.net', 'address': '23085 Richardson Road\nLunashire, MN 35980', 'age': 48}",115394,2026-05-30,2026-06-09,10 days
51,2026.09.11_2026.11.15_40-50_USD,864431,651911,"{'username': 'david75', 'name': 'Maria Wells', 'email': 'rguerra@example.net', 'address': '23085 Richardson Road\nLunashire, MN 35980', 'age': 48}",212520,2026-09-11,2026-11-15,65 days
52,2026.04.12_2027.10.03_40-65_USD,605713,447945,"{'username': 'david75', 'name': 'Maria Wells', 'email': 'rguerra@example.net', 'address': '23085 Richardson Road\nLunashire, MN 35980', 'age': 48}",157768,2026-04-12,2027-10-03,539 days
53,2026.04.13_2026.09.25_25-45_EUR,45838,5889,"{'username': 'jennifer79', 'name': 'Cindy Fuentes', 'email': 'jameshenderson@example.org', 'address': '777 Daniel Branch\nWest Patricktown, DE 93986', 'age': 26}",39949,2026-04-13,2026-09-25,165 days
54,2025.09.14_2026.04.23_20-40_USD,893394,817212,"{'username': 'jennifer79', 'name': 'Cindy Fuentes', 'email': 'jameshenderson@example.org', 'address': '777 Daniel Branch\nWest Patricktown, DE 93986', 'age': 26}",76182,2025-09-14,2026-04-23,221 days
55,2026.05.06_2027.11.16_25-40_GBR,259164,27197,"{'username': 'jennifer79', 'name': 'Cindy Fuentes', 'email': 'jameshenderson@example.org', 'address': '777 Daniel Branch\nWest Patricktown, DE 93986', 'age': 26}",231967,2026-05-06,2027-11-16,559 days
56,2026.01.19_2026.02.09_25-40_EUR,70552,46236,"{'username': 'jennifer79', 'name': 'Cindy Fuentes', 'email': 'jameshenderson@example.org', 'address': '777 Daniel Branch\nWest Patricktown, DE 93986', 'age': 26}",24316,2026-01-19,2026-02-09,21 days
57,2025.06.05_2027.03.16_20-40_EUR,147504,124899,"{'username': 'jennifer79', 'name': 'Cindy Fuentes', 'email': 'jameshenderson@example.org', 'address': '777 Daniel Branch\nWest Patricktown, DE 93986', 'age': 26}",22605,2025-06-05,2027-03-16,649 days
58,2026.01.12_2026.06.15_25-50_EUR,68048,1168,"{'username': 'jasonpaul', 'name': 'Randy Russo', 'email': 'lambnathaniel@example.com', 'address': '493 Vaughan Cove Apt. 168\nLynntown, IN 15825', 'age': 30}",66880,2026-01-12,2026-06-15,154 days
59,2025.09.18_2026.08.21_20-45_USD,158257,123873,"{'username': 'jasonpaul', 'name': 'Randy Russo', 'email': 'lambnathaniel@example.com', 'address': '493 Vaughan Cove Apt. 168\nLynntown, IN 15825', 'age': 30}",34384,2025-09-18,2026-08-21,337 days
60,2026.02.12_2026.11.13_25-35_EUR,741280,718375,"{'username': 'jasonpaul', 'name': 'Randy Russo', 'email': 'lambnathaniel@example.com', 'address': '493 Vaughan Cove Apt. 168\nLynntown, IN 15825', 'age': 30}",22905,2026-02-12,2026-11-13,274 days
61,2025.10.08_2025.12.16_25-50_EUR,359514,205518,"{'username': 'jasonpaul', 'name': 'Randy Russo', 'email': 'lambnathaniel@example.com', 'address': '493 Vaughan Cove Apt. 168\nLynntown, IN 15825', 'age': 30}",153996,2025-10-08,2025-12-16,69 days
62,2026.08.05_2028.03.07_45-55_EUR,665391,381978,"{'username': 'williamsdonald', 'name': 'Adam Bradford', 'email': 'brian41@example.com', 'address': '1522 Moore Rest\nNew Heather, WI 51239', 'age': 54}",283413,2026-08-05,2028-03-07,580 days
63,2026.03.08_2027.02.15_45-55_EUR,319655,147601,"{'username': 'williamsdonald', 'name': 'Adam Bradford', 'email': 'brian41@example.com', 'address': '1522 Moore Rest\nNew Heather, WI 51239', 'age': 54}",172054,2026-03-08,2027-02-15,344 days
64,2026.05.18_2028.04.06_40-60_USD,947642,67807,"{'username': 'williamsdonald', 'name': 'Adam Bradford', 'email': 'brian41@example.com', 'address': '1522 Moore Rest\nNew Heather, WI 51239', 'age': 54}",879835,2026-05-18,2028-04-06,689 days
65,2026.05.07_2026.07.06_20-45_EUR,224801,61749,"{'username': 'smiller', 'name': 'James Morris', 'email': 'hmorrison@example.net', 'address': '9557 Jody Cliffs\nNew Justin, OR 97264', 'age': 33}",163052,2026-05-07,2026-07-06,60 days
66,2024.12.18_2025.12.02_25-35_USD,15681,3332,"{'username': 'smiller', 'name': 'James Morris', 'email': 'hmorrison@example.net', 'address': '9557 Jody Cliffs\nNew Justin, OR 97264', 'age': 33}",12349,2024-12-18,2025-12-02,349 days
67,2026.02.06_2027.07.16_20-30_GBR,613186,592237,"{'username': 'elizabeth29', 'name': 'Mark Adkins', 'email': 'johnsimmons@example.com', 'address': '65759 April Lodge Apt. 274\nChristopherborough, OK 38344', 'age': 22}",20949,2026-02-06,2027-07-16,525 days
68,2025.09.02_2026.01.04_20-45_USD,277173,244352,"{'username': 'elizabeth29', 'name': 'Mark Adkins', 'email': 'johnsimmons@example.com', 'address': '65759 April Lodge Apt. 274\nChristopherborough, OK 38344', 'age': 22}",32821,2025-09-02,2026-01-04,124 days
69,2025.12.25_2027.07.03_20-40_USD,794616,395270,"{'username': 'elizabeth29', 'name': 'Mark Adkins', 'email': 'johnsimmons@example.com', 'address': '65759 April Lodge Apt. 274\nChristopherborough, OK 38344', 'age': 22}",399346,2025-12-25,2027-07-03,555 days
70,2025.07.24_2025.10.19_20-35_EUR,74290,16636,"{'username': 'jennifer49', 'name': 'April Galvan', 'email': 'heatherstrickland@example.org', 'address': '030 Jimmy Estates\nEricatown, FL 42695', 'age': 35}",57654,2025-07-24,2025-10-19,87 days
71,2026.07.14_2028.03.13_35-40_USD,462799,281837,"{'username': 'jennifer49', 'name': 'April Galvan', 'email': 'heatherstrickland@example.org', 'address': '030 Jimmy Estates\nEricatown, FL 42695', 'age': 35}",180962,2026-07-14,2028-03-13,608 days
72,2026.05.11_2026.06.13_20-45_EUR,149924,37369,"{'username': 'jennifer49', 'name': 'April Galvan', 'email': 'heatherstrickland@example.org', 'address': '030 Jimmy Estates\nEricatown, FL 42695', 'age': 35}",112555,2026-05-11,2026-06-13,33 days
73,2026.05.28_2026.06.16_30-45_GBR,277732,15149,"{'username': 'nelsonandrew', 'name': 'Jonathon Arnold', 'email': 'omar07@example.net', 'address': '73569 William Fort\nNew Devin, WY 69378', 'age': 41}",262583,2026-05-28,2026-06-16,19 days
74,2026.05.09_2027.05.15_40-65_GBR,268330,140305,"{'username': 'nelsonandrew', 'name': 'Jonathon Arnold', 'email': 'omar07@example.net', 'address': '73569 William Fort\nNew Devin, WY 69378', 'age': 41}",128025,2026-05-09,2027-05-15,371 days
75,2026.07.21_2028.03.28_35-60_USD,661361,461255,"{'username': 'nelsonandrew', 'name': 'Jonathon Arnold', 'email': 'omar07@example.net', 'address': '73569 William Fort\nNew Devin, WY 69378', 'age': 41}",200106,2026-07-21,2028-03-28,616 days
76,2025.09.08_2026.09.08_30-50_EUR,764736,753028,"{'username': 'nelsonandrew', 'name': 'Jonathon Arnold', 'email': 'omar07@example.net', 'address': '73569 William Fort\nNew Devin, WY 69378', 'age': 41}",11708,2025-09-08,2026-09-08,365 days
77,2025.12.15_2027.03.02_20-45_EUR,23207,22318,"{'username': 'nelsonandrew', 'name': 'Jonathon Arnold', 'email': 'omar07@example.net', 'address': '73569 William Fort\nNew Devin, WY 69378', 'age': 41}",889,2025-12-15,2027-03-02,442 days
78,2024.12.05_2026.03.11_35-55_GBR,623163,271404,"{'username': 'daniellele', 'name': 'John Saunders', 'email': 'williamsamanda@example.net', 'address': 'Unit 1719 Box 0269\nDPO AP 46657', 'age': 46}",351759,2024-12-05,2026-03-11,461 days
79,2026.04.08_2028.01.08_40-50_EUR,298532,118960,"{'username': 'daniellele', 'name': 'John Saunders', 'email': 'williamsamanda@example.net', 'address': 'Unit 1719 Box 0269\nDPO AP 46657', 'age': 46}",179572,2026-04-08,2028-01-08,640 days
80,2026.09.23_2027.06.10_45-50_GBR,403444,60237,"{'username': 'daniellele', 'name': 'John Saunders', 'email': 'williamsamanda@example.net', 'address': 'Unit 1719 Box 0269\nDPO AP 46657', 'age': 46}",343207,2026-09-23,2027-06-10,260 days
81,2025.07.16_2027.04.12_25-50_EUR,482322,127643,"{'username': 'daniellele', 'name': 'John Saunders', 'email': 'williamsamanda@example.net', 'address': 'Unit 1719 Box 0269\nDPO AP 46657', 'age': 46}",354679,2025-07-16,2027-04-12,635 days
82,2026.05.23_2027.05.19_40-60_EUR,264874,54191,"{'username': 'fryejaclyn', 'name': 'Victoria Dean', 'email': 'gloriabrown@example.com', 'address': 'PSC 2504, Box 3904\nAPO AE 26064', 'age': 47}",210683,2026-05-23,2027-05-19,361 days
83,2025.11.10_2026.07.24_35-60_GBR,666148,611687,"{'username': 'fryejaclyn', 'name': 'Victoria Dean', 'email': 'gloriabrown@example.com', 'address': 'PSC 2504, Box 3904\nAPO AE 26064', 'age': 47}",54461,2025-11-10,2026-07-24,256 days
84,2025.12.13_2026.11.02_40-50_USD,719481,413510,"{'username': 'fryejaclyn', 'name': 'Victoria Dean', 'email': 'gloriabrown@example.com', 'address': 'PSC 2504, Box 3904\nAPO AE 26064', 'age': 47}",305971,2025-12-13,2026-11-02,324 days
85,2026.01.06_2027.01.29_40-65_EUR,537148,331349,"{'username': 'fryejaclyn', 'name': 'Victoria Dean', 'email': 'gloriabrown@example.com', 'address': 'PSC 2504, Box 3904\nAPO AE 26064', 'age': 47}",205799,2026-01-06,2027-01-29,388 days
86,2026.08.21_2027.10.25_40-50_GBR,866848,537027,"{'username': 'fryejaclyn', 'name': 'Victoria Dean', 'email': 'gloriabrown@example.com', 'address': 'PSC 2504, Box 3904\nAPO AE 26064', 'age': 47}",329821,2026-08-21,2027-10-25,430 days
87,2026.03.15_2028.02.18_45-60_GBR,67602,62402,"{'username': 'ggonzalez', 'name': 'Kevin Foley', 'email': 'carlos87@example.org', 'address': '7251 Todd Stravenue\nLisaburgh, MI 39541', 'age': 48}",5200,2026-03-15,2028-02-18,705 days
88,2026.11.08_2027.09.04_45-55_EUR,554484,177974,"{'username': 'ggonzalez', 'name': 'Kevin Foley', 'email': 'carlos87@example.org', 'address': '7251 Todd Stravenue\nLisaburgh, MI 39541', 'age': 48}",376510,2026-11-08,2027-09-04,300 days
89,2026.06.13_2028.04.01_35-50_EUR,56298,3871,"{'username': 'ggonzalez', 'name': 'Kevin Foley', 'email': 'carlos87@example.org', 'address': '7251 Todd Stravenue\nLisaburgh, MI 39541', 'age': 48}",52427,2026-06-13,2028-04-01,658 days
90,2025.12.22_2027.07.31_35-60_EUR,954189,658406,"{'username': 'ggonzalez', 'name': 'Kevin Foley', 'email': 'carlos87@example.org', 'address': '7251 Todd Stravenue\nLisaburgh, MI 39541', 'age': 48}",295783,2025-12-22,2027-07-31,586 days
91,2024.12.13_2025.06.27_40-55_EUR,809618,354058,"{'username': 'ggonzalez', 'name': 'Kevin Foley', 'email': 'carlos87@example.org', 'address': '7251 Todd Stravenue\nLisaburgh, MI 39541', 'age': 48}",455560,2024-12-13,2025-06-27,196 days
92,2025.05.01_2026.11.21_40-60_EUR,196360,76330,"{'username': 'ggonzalez', 'name': 'Kevin Foley', 'email': 'carlos87@example.org', 'address': '7251 Todd Stravenue\nLisaburgh, MI 39541', 'age': 48}",120030,2025-05-01,2026-11-21,569 days
93,2026.09.10_2028.04.17_35-50_USD,584894,59347,"{'username': 'ggonzalez', 'name': 'Kevin Foley', 'email': 'carlos87@example.org', 'address': '7251 Todd Stravenue\nLisaburgh, MI 39541', 'age': 48}",525547,2026-09-10,2028-04-17,585 days
94,2025.12.09_2027.11.02_45-60_EUR,424801,197649,"{'username': 'scottmonica', 'name': 'Michael Bryant', 'email': 'jeremyparks@example.net', 'address': '748 Joseph Lights\nTinaborough, NM 57302', 'age': 60}",227152,2025-12-09,2027-11-02,693 days
95,2026.01.01_2026.12.16_45-60_GBR,833518,222895,"{'username': 'scottmonica', 'name': 'Michael Bryant', 'email': 'jeremyparks@example.net', 'address': '748 Joseph Lights\nTinaborough, NM 57302', 'age': 60}",610623,2026-01-01,2026-12-16,349 days
96,2024.12.23_2026.11.20_40-60_USD,564122,122344,"{'username': 'scottmonica', 'name': 'Michael Bryant', 'email': 'jeremyparks@example.net', 'address': '748 Joseph Lights\nTinaborough, NM 57302', 'age': 60}",441778,2024-12-23,2026-11-20,697 days
97,2026.07.12_2027.11.03_45-65_GBR,569758,470938,"{'username': 'scottmonica', 'name': 'Michael Bryant', 'email': 'jeremyparks@example.net', 'address': '748 Joseph Lights\nTinaborough, NM 57302', 'age': 60}",98820,2026-07-12,2027-11-03,479 days
98,2025.05.04_2025.10.23_20-40_EUR,737416,725168,"{'username': 'phillipsgregory', 'name': 'Brittany Kelley', 'email': 'reedgerald@example.org', 'address': '10528 Porter Stravenue Suite 898\nDianahaven, GA 99698', 'age': 24}",12248,2025-05-04,2025-10-23,172 days
99,2025.01.01_2025.07.17_20-35_USD,296402,115957,"{'username': 'phillipsgregory', 'name': 'Brittany Kelley', 'email': 'reedgerald@example.org', 'address': '10528 Porter Stravenue Suite 898\nDianahaven, GA 99698', 'age': 24}",180445,2025-01-01,2025-07-17,197 days
100,2026.07.31_2027.08.01_20-40_GBR,164510,29661,"{'username': 'hamptonjames', 'name': 'John Sullivan', 'email': 'davidsmith@example.org', 'address': 'PSC 3159, Box 2656\nAPO AE 82680', 'age': 31}",134849,2026-07-31,2027-08-01,366 days
101,2026.05.26_2026.08.21_25-50_GBR,110384,81692,"{'username': 'hamptonjames', 'name': 'John Sullivan', 'email': 'davidsmith@example.org', 'address': 'PSC 3159, Box 2656\nAPO AE 82680', 'age': 31}",28692,2026-05-26,2026-08-21,87 days
102,2026.07.30_2027.09.08_20-35_EUR,221976,215277,"{'username': 'hamptonjames', 'name': 'John Sullivan', 'email': 'davidsmith@example.org', 'address': 'PSC 3159, Box 2656\nAPO AE 82680', 'age': 31}",6699,2026-07-30,2027-09-08,405 days
103,2025.01.07_2025.07.12_20-35_EUR,547450,243218,"{'username': 'hamptonjames', 'name': 'John Sullivan', 'email': 'davidsmith@example.org', 'address': 'PSC 3159, Box 2656\nAPO AE 82680', 'age': 31}",304232,2025-01-07,2025-07-12,186 days
104,2025.09.02_2026.08.06_20-35_USD,215587,61061,"{'username': 'hamptonjames', 'name': 'John Sullivan', 'email': 'davidsmith@example.org', 'address': 'PSC 3159, Box 2656\nAPO AE 82680', 'age': 31}",154526,2025-09-02,2026-08-06,338 days
105,2024.12.30_2026.01.08_20-25_GBR,644600,195591,"{'username': 'cynthia39', 'name': 'April Hogan', 'email': 'wilsonjohn@example.org', 'address': '384 Amber Mountain Suite 330\nAlexanderland, GA 10586', 'age': 23}",449009,2024-12-30,2026-01-08,374 days
106,2025.06.27_2025.09.10_25-40_EUR,203491,30634,"{'username': 'jennifer68', 'name': 'Shaun Roberts', 'email': 'qrodriguez@example.com', 'address': '6740 Rodgers Shoal\nEast Melissaport, ND 78343', 'age': 33}",172857,2025-06-27,2025-09-10,75 days
107,2025.07.26_2026.05.14_20-25_USD,692062,661623,"{'username': 'smaynard', 'name': 'Katie Valencia', 'email': 'edwardsjohn@example.org', 'address': 'PSC 0532, Box 5373\nAPO AE 96960', 'age': 20}",30439,2025-07-26,2026-05-14,292 days
108,2026.07.26_2027.07.02_20-35_EUR,288715,116086,"{'username': 'smaynard', 'name': 'Katie Valencia', 'email': 'edwardsjohn@example.org', 'address': 'PSC 0532, Box 5373\nAPO AE 96960', 'age': 20}",172629,2026-07-26,2027-07-02,341 days
109,2025.02.13_2026.04.09_30-40_GBR,664862,15580,"{'username': 'beandaniel', 'name': 'Jeremy Stone', 'email': 'austinhoffman@example.net', 'address': '265 Jones Circles\nKellyfurt, SD 40684', 'age': 36}",649282,2025-02-13,2026-04-09,420 days
110,2025.03.26_2025.07.15_35-45_GBR,428782,182682,"{'username': 'beandaniel', 'name': 'Jeremy Stone', 'email': 'austinhoffman@example.net', 'address': '265 Jones Circles\nKellyfurt, SD 40684', 'age': 36}",246100,2025-03-26,2025-07-15,111 days
111,2025.04.07_2026.04.29_40-60_EUR,812986,204674,"{'username': 'adrian58', 'name': 'Rita Byrd', 'email': 'foxlisa@example.net', 'address': '8640 Robert Summit\nEast Christopherberg, IL 78498', 'age': 59}",608312,2025-04-07,2026-04-29,387 days
112,2025.09.10_2027.08.26_40-60_USD,762453,290076,"{'username': 'adrian58', 'name': 'Rita Byrd', 'email': 'foxlisa@example.net', 'address': '8640 Robert Summit\nEast Christopherberg, IL 78498', 'age': 59}",472377,2025-09-10,2027-08-26,715 days
113,2024.11.29_2025.04.21_45-60_GBR,546554,62362,"{'username': 'grace42', 'name': 'Richard Bishop', 'email': 'brownmichael@example.com', 'address': '262 Joseph Tunnel Apt. 640\nSouth Anthony, VI 84752', 'age': 57}",484192,2024-11-29,2025-04-21,143 days
114,2025.01.30_2027.01.12_30-45_EUR,507588,15992,"{'username': 'robertwilson', 'name': 'Jacqueline Holden', 'email': 'lday@example.net', 'address': '12897 Amanda Villages\nPort Johnmouth, NM 28389', 'age': 34}",491596,2025-01-30,2027-01-12,712 days
115,2025.05.02_2026.12.21_30-50_USD,845233,586453,"{'username': 'robertwilson', 'name': 'Jacqueline Holden', 'email': 'lday@example.net', 'address': '12897 Amanda Villages\nPort Johnmouth, NM 28389', 'age': 34}",258780,2025-05-02,2026-12-21,598 days
116,2025.03.15_2026.09.26_25-50_USD,347085,224023,"{'username': 'kevin29', 'name': 'Deborah Adams', 'email': 'cdaniels@example.org', 'address': '1546 Shelby Mills\nClarktown, MP 85542', 'age': 26}",123062,2025-03-15,2026-09-26,560 days
117,2026.08.17_2027.03.08_20-35_GBR,996832,697991,"{'username': 'elizabethmcneil', 'name': 'Sierra Mack', 'email': 'ashleydunlap@example.net', 'address': '8836 Rachel Corners\nDestinyburgh, MA 11254', 'age': 25}",298841,2026-08-17,2027-03-08,203 days
118,2025.12.28_2027.07.10_20-25_GBR,706351,309503,"{'username': 'elizabethmcneil', 'name': 'Sierra Mack', 'email': 'ashleydunlap@example.net', 'address': '8836 Rachel Corners\nDestinyburgh, MA 11254', 'age': 25}",396848,2025-12-28,2027-07-10,559 days
119,2025.06.30_2027.02.12_25-40_GBR,255132,71279,"{'username': 'elizabethmcneil', 'name': 'Sierra Mack', 'email': 'ashleydunlap@example.net', 'address': '8836 Rachel Corners\nDestinyburgh, MA 11254', 'age': 25}",183853,2025-06-30,2027-02-12,592 days
120,2025.11.21_2025.12.23_45-55_EUR,55698,22637,"{'username': 'cabreramark', 'name': 'Caitlin Briggs', 'email': 'gregory39@example.com', 'address': '7688 Craig Walks\nNew Karen, LA 65947', 'age': 51}",33061,2025-11-21,2025-12-23,32 days
121,2025.11.24_2026.05.10_45-60_GBR,930738,30347,"{'username': 'cabreramark', 'name': 'Caitlin Briggs', 'email': 'gregory39@example.com', 'address': '7688 Craig Walks\nNew Karen, LA 65947', 'age': 51}",900391,2025-11-24,2026-05-10,167 days
122,2024.12.14_2025.09.05_40-55_EUR,96497,80239,"{'username': 'cabreramark', 'name': 'Caitlin Briggs', 'email': 'gregory39@example.com', 'address': '7688 Craig Walks\nNew Karen, LA 65947', 'age': 51}",16258,2024-12-14,2025-09-05,265 days
123,2025.12.03_2027.07.09_35-60_EUR,848871,695974,"{'username': 'cabreramark', 'name': 'Caitlin Briggs', 'email': 'gregory39@example.com', 'address': '7688 Craig Walks\nNew Karen, LA 65947', 'age': 51}",152897,2025-12-03,2027-07-09,583 days
124,2025.09.02_2025.12.09_35-55_EUR,114469,100036,"{'username': 'luisgarcia', 'name': 'Diana Frederick', 'email': 'whitealyssa@example.org', 'address': '1800 Jeffrey Lane Suite 776\nJamesshire, MN 77920', 'age': 46}",14433,2025-09-02,2025-12-09,98 days
125,2024.12.13_2026.08.09_40-65_EUR,774503,173211,"{'username': 'ortizcarlos', 'name': 'Michael Crane', 'email': 'hlopez@example.com', 'address': '270 James Alley Apt. 218\nSouth Stephanie, IN 10715', 'age': 46}",601292,2024-12-13,2026-08-09,604 days
126,2025.08.12_2027.01.02_45-50_EUR,368755,57727,"{'username': 'ortizcarlos', 'name': 'Michael Crane', 'email': 'hlopez@example.com', 'address': '270 James Alley Apt. 218\nSouth Stephanie, IN 10715', 'age': 46}",311028,2025-08-12,2027-01-02,508 days
127,2026.11.15_2028.05.16_20-25_USD,48679,41099,"{'username': 'tammy36', 'name': 'Dr. Deanna Dennis', 'email': 'crystalpadilla@example.com', 'address': '47411 Jones Curve Suite 600\nSouth Ashleyville, MT 93972', 'age': 21}",7580,2026-11-15,2028-05-16,548 days
128,2026.10.30_2028.06.29_20-40_GBR,672902,269210,"{'username': 'tammy36', 'name': 'Dr. Deanna Dennis', 'email': 'crystalpadilla@example.com', 'address': '47411 Jones Curve Suite 600\nSouth Ashleyville, MT 93972', 'age': 21}",403692,2026-10-30,2028-06-29,608 days
129,2025.12.09_2027.09.28_35-55_GBR,665458,56182,"{'username': 'ymueller', 'name': 'Stephanie Owens', 'email': 'laura41@example.com', 'address': '4133 Angela Walk Suite 917\nLake Erika, WI 73625', 'age': 46}",609276,2025-12-09,2027-09-28,658 days
130,2025.12.23_2026.08.29_40-60_USD,199307,100384,"{'username': 'ymueller', 'name': 'Stephanie Owens', 'email': 'laura41@example.com', 'address': '4133 Angela Walk Suite 917\nLake Erika, WI 73625', 'age': 46}",98923,2025-12-23,2026-08-29,249 days
131,2025.03.27_2026.08.07_30-50_EUR,888632,129498,"{'username': 'ymueller', 'name': 'Stephanie Owens', 'email': 'laura41@example.com', 'address': '4133 Angela Walk Suite 917\nLake Erika, WI 73625', 'age': 46}",759134,2025-03-27,2026-08-07,498 days
132,2025.02.02_2025.03.20_45-70_USD,985171,808382,"{'username': 'ymueller', 'name': 'Stephanie Owens', 'email': 'laura41@example.com', 'address': '4133 Angela Walk Suite 917\nLake Erika, WI 73625', 'age': 46}",176789,2025-02-02,2025-03-20,46 days
133,2024.12.26_2026.07.27_40-65_GBR,624800,480868,"{'username': 'ymueller', 'name': 'Stephanie Owens', 'email': 'laura41@example.com', 'address': '4133 Angela Walk Suite 917\nLake Erika, WI 73625', 'age': 46}",143932,2024-12-26,2026-07-27,578 days
134,2026.10.28_2027.10.22_45-55_EUR,576179,246048,"{'username': 'milesdana', 'name': 'Christina Williams', 'email': 'raymondnelson@example.org', 'address': '572 Terri Pines Suite 077\nAlvaradoberg, IN 92652', 'age': 45}",330131,2026-10-28,2027-10-22,359 days
135,2025.09.08_2026.07.31_45-50_USD,539711,61512,"{'username': 'milesdana', 'name': 'Christina Williams', 'email': 'raymondnelson@example.org', 'address': '572 Terri Pines Suite 077\nAlvaradoberg, IN 92652', 'age': 45}",478199,2025-09-08,2026-07-31,326 days
136,2026.06.28_2027.12.04_25-40_USD,291136,79840,"{'username': 'chambersjacob', 'name': 'Terry Boyer', 'email': 'julieflores@example.com', 'address': '444 Tracy Meadows Apt. 065\nSouth Crystalshire, VI 05053', 'age': 37}",211296,2026-06-28,2027-12-04,524 days
137,2025.11.05_2026.08.01_30-50_EUR,955214,804851,"{'username': 'chambersjacob', 'name': 'Terry Boyer', 'email': 'julieflores@example.com', 'address': '444 Tracy Meadows Apt. 065\nSouth Crystalshire, VI 05053', 'age': 37}",150363,2025-11-05,2026-08-01,269 days
138,2025.08.31_2027.01.22_20-40_EUR,321237,9205,"{'username': 'chambersjacob', 'name': 'Terry Boyer', 'email': 'julieflores@example.com', 'address': '444 Tracy Meadows Apt. 065\nSouth Crystalshire, VI 05053', 'age': 37}",312032,2025-08-31,2027-01-22,509 days
139,2025.06.27_2025.10.29_35-50_EUR,376484,40344,"{'username': 'vwhitehead', 'name': 'Matthew Page', 'email': 'taraward@example.net', 'address': '086 Meadows Plains\nEast Brianachester, AR 70549', 'age': 48}",336140,2025-06-27,2025-10-29,124 days
140,2026.09.14_2028.01.05_45-50_USD,36237,22185,"{'username': 'vwhitehead', 'name': 'Matthew Page', 'email': 'taraward@example.net', 'address': '086 Meadows Plains\nEast Brianachester, AR 70549', 'age': 48}",14052,2026-09-14,2028-01-05,478 days
141,2025.07.20_2026.11.04_25-50_GBR,487826,192008,"{'username': 'vwhitehead', 'name': 'Matthew Page', 'email': 'taraward@example.net', 'address': '086 Meadows Plains\nEast Brianachester, AR 70549', 'age': 48}",295818,2025-07-20,2026-11-04,472 days
142,2025.02.04_2026.01.03_40-55_EUR,986951,13659,"{'username': 'vwhitehead', 'name': 'Matthew Page', 'email': 'taraward@example.net', 'address': '086 Meadows Plains\nEast Brianachester, AR 70549', 'age': 48}",973292,2025-02-04,2026-01-03,333 days
143,2025.01.11_2026.07.12_45-70_USD,254538,52692,"{'username': 'vwhitehead', 'name': 'Matthew Page', 'email': 'taraward@example.net', 'address': '086 Meadows Plains\nEast Brianachester, AR 70549', 'age': 48}",201846,2025-01-11,2026-07-12,547 days
144,2026.02.22_2028.02.12_45-65_EUR,874513,839790,"{'username': 'penny17', 'name': 'Christopher Wolfe', 'email': 'bhoward@example.net', 'address': '476 Kerr Stravenue Apt. 344\nMorenoburgh, WY 15619', 'age': 62}",34723,2026-02-22,2028-02-12,720 days
145,2025.07.12_2026.10.03_20-35_USD,919736,802164,"{'username': 'andersonkyle', 'name': 'Gary Lowery', 'email': 'gregorymarie@example.org', 'address': '2560 Amy Springs Suite 384\nJohnfort, GA 26202', 'age': 22}",117572,2025-07-12,2026-10-03,448 days
146,2025.04.11_2025.06.21_25-50_EUR,81662,2614,"{'username': 'destinysolomon', 'name': 'Tyler Myers', 'email': 'kgomez@example.net', 'address': '969 Clark Mount Apt. 941\nSouth Kevinborough, MO 88306', 'age': 50}",79048,2025-04-11,2025-06-21,71 days
147,2025.01.01_2026.06.04_35-55_GBR,756701,754510,"{'username': 'destinysolomon', 'name': 'Tyler Myers', 'email': 'kgomez@example.net', 'address': '969 Clark Mount Apt. 941\nSouth Kevinborough, MO 88306', 'age': 50}",2191,2025-01-01,2026-06-04,519 days
148,2025.07.24_2026.10.13_40-50_GBR,308204,125573,"{'username': 'destinysolomon', 'name': 'Tyler Myers', 'email': 'kgomez@example.net', 'address': '969 Clark Mount Apt. 941\nSouth Kevinborough, MO 88306', 'age': 50}",182631,2025-07-24,2026-10-13,446 days
149,2026.03.06_2026.10.27_40-60_GBR,452766,228438,"{'username': 'destinysolomon', 'name': 'Tyler Myers', 'email': 'kgomez@example.net', 'address': '969 Clark Mount Apt. 941\nSouth Kevinborough, MO 88306', 'age': 50}",224328,2026-03-06,2026-10-27,235 days
150,2026.02.22_2026.12.06_40-65_EUR,152157,59244,"{'username': 'schmidtjudy', 'name': 'Randy West', 'email': 'mweeks@example.net', 'address': '073 Michael Extensions\nOrrhaven, GA 61705', 'age': 55}",92913,2026-02-22,2026-12-06,287 days
151,2025.08.18_2026.12.29_45-60_GBR,707431,296261,"{'username': 'schmidtjudy', 'name': 'Randy West', 'email': 'mweeks@example.net', 'address': '073 Michael Extensions\nOrrhaven, GA 61705', 'age': 55}",411170,2025-08-18,2026-12-29,498 days
152,2025.05.03_2026.09.23_40-55_USD,943405,84504,"{'username': 'schmidtjudy', 'name': 'Randy West', 'email': 'mweeks@example.net', 'address': '073 Michael Extensions\nOrrhaven, GA 61705', 'age': 55}",858901,2025-05-03,2026-09-23,508 days
153,2026.05.31_2026.11.20_40-45_EUR,731883,424287,"{'username': 'wmclaughlin', 'name': 'John Webb', 'email': 'shawn08@example.net', 'address': '538 Weiss Bridge Apt. 391\nLake Jennifer, AS 52121', 'age': 43}",307596,2026-05-31,2026-11-20,173 days
154,2026.10.26_2028.04.10_35-50_USD,473893,387632,"{'username': 'wmclaughlin', 'name': 'John Webb', 'email': 'shawn08@example.net', 'address': '538 Weiss Bridge Apt. 391\nLake Jennifer, AS 52121', 'age': 43}",86261,2026-10-26,2028-04-10,532 days
155,2025.06.16_2026.10.29_35-55_GBR,343103,272821,"{'username': 'wmclaughlin', 'name': 'John Webb', 'email': 'shawn08@example.net', 'address': '538 Weiss Bridge Apt. 391\nLake Jennifer, AS 52121', 'age': 43}",70282,2025-06-16,2026-10-29,500 days
156,2026.04.21_2027.08.18_35-40_EUR,799682,492026,"{'username': 'brittneymiller', 'name': 'Teresa Marks', 'email': 'james61@example.net', 'address': '298 Drake River\nChristopherland, PR 17131', 'age': 37}",307656,2026-04-21,2027-08-18,484 days
157,2026.07.20_2027.06.06_35-45_EUR,319385,6027,"{'username': 'brittneymiller', 'name': 'Teresa Marks', 'email': 'james61@example.net', 'address': '298 Drake River\nChristopherland, PR 17131', 'age': 37}",313358,2026-07-20,2027-06-06,321 days
158,2026.10.21_2027.11.08_45-60_GBR,230626,97551,"{'username': 'john77', 'name': 'Jeanne Campbell', 'email': 'richardpearson@example.org', 'address': '8638 Cross Corner Apt. 294\nSouth Thomasland, NM 13382', 'age': 53}",133075,2026-10-21,2027-11-08,383 days
159,2025.08.14_2026.06.07_40-60_USD,139658,72915,"{'username': 'john77', 'name': 'Jeanne Campbell', 'email': 'richardpearson@example.org', 'address': '8638 Cross Corner Apt. 294\nSouth Thomasland, NM 13382', 'age': 53}",66743,2025-08-14,2026-06-07,297 days
160,2026.01.13_2026.07.12_35-60_GBR,586895,66878,"{'username': 'john77', 'name': 'Jeanne Campbell', 'email': 'richardpearson@example.org', 'address': '8638 Cross Corner Apt. 294\nSouth Thomasland, NM 13382', 'age': 53}",520017,2026-01-13,2026-07-12,180 days
161,2026.08.01_2028.03.24_35-55_GBR,274727,75405,"{'username': 'uwalter', 'name': 'Brenda Lewis', 'email': 'davismadison@example.com', 'address': '3347 Choi Fords\nOlivermouth, AZ 31336', 'age': 36}",199322,2026-08-01,2028-03-24,601 days
162,2026.05.03_2027.11.18_35-45_EUR,184803,178097,"{'username': 'uwalter', 'name': 'Brenda Lewis', 'email': 'davismadison@example.com', 'address': '3347 Choi Fords\nOlivermouth, AZ 31336', 'age': 36}",6706,2026-05-03,2027-11-18,564 days
